时间(小时),ke_0.2,ke_0.3,ke_0.5
0.0,0.0,0.0,0.0
0.1,7.610976922682599,7.572669945899584,7.4968208304208686
0.2,14.486086691481576,14.33931913888598,14.05163441859951
0.30000000000000004,20.684889669026045,20.368531872747972,19.754697428934517
0.4,26.262307908392653,25.723423942954664,24.68845760114426
0.5,31.26898293337602,30.462068862306957,28.92819654287081
0.6000000000000001,35.751605988135545,34.63789113682098,32.54262103348721
0.7000000000000001,39.75322287333213,38.30002913941955,35.59440689863961
0.8,43.31351532308837,41.49366992376079,38.1406991980242
0.9,46.46906072684004,44.260358140301044,40.23357217648045
1.0,49.25357186143469,46.63828105031941,41.92045215877649
1.1,51.69811817078628,48.66253148005518,43.24450631970808
1.2000000000000002,53.83133001219218,50.36535041534705,44.24500003171051
1.3,55.679587179304804,51.77635080630152,44.95762528059623
1.4000000000000001,57.26719291102479,52.92272403072276,45.41480244489866
1.5,58.61653450260211,53.82943035353141,45.64595755435004
1.6,59.748231549399556,54.51937461647148,45.67777697707399
1.7000000000000002,60.6812727745405,55.01356829739361,45.534441332045546
1.8,61.433142318521234,55.33127899069888,45.237840282260635
1.9000000000000001,62.01993630135214,55.49016827957158,44.80776973394305
2.0,62.45647040546452,55.50641889589939,44.26211284714318
2.1,62.75637917008623,55.39485199479795,43.61700615246543
2.2,62.93220763467876,55.16903530698379,42.886991966674415
2.3000000000000003,62.9954959200007,54.84138287346157,42.085158205902
2.4000000000000004,62.956857290105425,54.42324701273945,41.22326660849385
2.5,62.826050196802754,53.92500312070432,40.31187029962063
2.6,62.612044769548255,53.356127857062575,39.36042155611471
2.7,62.32308417812361,52.72527122958057,38.37737056208772
2.8000000000000003,61.96674126260827,52.0403230479723,37.3702558832943
2.9000000000000004,61.5499707948054,51.30847418292439,36.345787330516295
3.0,61.07915770728185,50.536273032189875,35.309921829071286
3.1,60.56016160033046,49.72967756470483,34.26793286254589
3.2,59.99835781329983,48.894103285089976,33.22447401369484
3.3000000000000003,59.398675324708414,48.03446743450556,32.18363708383148
3.4000000000000004,58.76563172522488,47.15522971946805,31.149005233688445
3.5,58.10336548882553,46.26042983774998,30.12370155339391
3.6,57.415665750111714,45.353722049728866,29.11043343665408
3.7,56.705999779774466,44.438407024394124,28.111533104240475
3.8000000000000003,55.97753833542811,43.51746117153688,27.128994594249782
3.9000000000000004,55.23317905140407,42.59356365532674,26.164507511152184
4.0,54.47556801851404,41.66912126941375,25.21948780219906
4.1000000000000005,53.707119693176395,40.74629133978931,24.29510580816746
4.2,52.930035264578805,39.82700280880509,23.39231181553156
4.3,52.14631959865173,38.91297564190266,22.511859318836315
4.4,51.3577968684919,38.005738687673336,21.654326185184498
4.5,50.56612497244087,37.10664611177584,20.820133897219137
4.6000000000000005,49.77280883323825,36.216892515924684,20.009565036687064
4.7,48.97921266448321,35.33752684456642,19.22277915750736
4.800000000000001,48.18657128400293,34.46946517392509,18.459827185152683
4.9,47.39600054760389,33.61350247077657,17.720664468000056
5.0,46.60850697102775,32.7703234015513,17.005162596043895
5.1000000000000005,45.82499660271639,31.940512266128287,16.31312009291943
5.2,45.046283205172976,31.124562124925102,15.644272078493609
5.300000000000001,44.27309579825933,30.322883182576174,14.998298991284592
5.4,43.50608561366604,29.53581048658734,14.374834452614929
5.5,42.74583250600148,28.763610994829712,13.7734723476371
5.6000000000000005,41.9928508624496,28.00649006155881,13.193773192146816
5.7,41.247595049716935,27.264597387791248,12.635269848376442
5.800000000000001,40.510464434008995,26.53803247831345,12.097472647698517
5.9,39.781808007025546,25.826849644315182,11.579873973331422
6.0,39.061928648424264,25.131062587610646,11.08195235169171
6.1000000000000005,38.351087052858205,24.450648599615228,10.603176096950223
6.2,37.64950534752868,23.785552405665907,10.143006549592634
6.300000000000001,36.95737042419745,23.13568968289303,9.700900946333537
6.4,36.274837007758414,22.500950277655075,9.27631495556274
6.5,35.6020304817669,21.881201146520453,8.868704909589663
6.6000000000000005,34.93904948975348,21.27628904291098,8.477529762277548
6.7,34.285968329699024,20.686042969795473,8.102252798203132
6.800000000000001,33.64283915770892,20.110276417229926,7.742343117223245
6.9,33.0096940156888,19.548789402071737,7.3972769162606715
7.0,32.38654669668313,19.001370325839837,7.066538588222818
7.1000000000000005,31.773394460485463,18.467797665442276,6.749621656225064
7.2,31.170219611156963,17.94784151033889,6.446029559692831
7.300000000000001,30.57699094719282,17.44126495864261,6.1552763074514
7.4,29.993665094247845,16.947825383680662,5.876887011569484
7.5,29.420187729568458,16.467275581631675,5.610398314491398
7.6000000000000005,28.856494706572338,15.999364810018443,5.3553587208649125
7.7,28.302513087366023,15.543839726066071,5.11132884443852
7.800000000000001,27.75816209038927,15.10044523322366,4.877881579455803
7.9,27.223353959820376,14.66892524349246,4.654602205108354
8.0,26.69799476286419,14.249023362598173,4.441088430816065
8.1,26.181985120572023,13.8404835044877,4.236950389378412
8.200000000000001,25.675220877406,13.443050441115902,4.041810584377182
8.3,25.17759371435788,13.056470293013804,3.8553037976048263
8.4,24.68899171006025,12.680490965691904,3.677076961738577
8.5,24.209299853985303,12.314862536529338,3.50678900297452
8.6,23.738400515509127,11.959337596427325,3.344110657873654
8.700000000000001,23.27617387232746,11.613671550162593,3.188724268250397
8.8,22.822498301438962,11.277622879060448,3.0403235575493848
8.9,22.37725073566284,10.950953369315501,2.8986133918056884
9.0,21.940306988427974,10.633428309019697,2.7633095279641666
9.1,21.51154204935839,10.324816656709556,2.63413835204263
9.200000000000001,21.090830352984284,10.02489118401635,2.510836609358685
9.3,20.678046022726832,9.733428594792661,2.393151128799337
9.4,20.27306309213843,9.450209622895002,2.280838542893388
9.5,19.87575570522592,9.175019110623655,2.1736650052480058
9.600000000000001,19.48599829754245,8.907646069656328,2.0714059067302326
9.700000000000001,19.103665759602293,8.647883726160673,1.9738455916106967
9.8,18.728633584051984,8.395529551631247,1.8807770747384693
9.9,18.360777997919698,8.15038528086785,1.7920017606818852
10.0,17.999976081161357,7.91225691839383,1.7073291656487877
10.100000000000001,17.646105872627068,7.680954734503863,1.6265766428900668
10.200000000000001,17.29904646448379,7.456293252030573,1.5495691121915265
10.3,16.9586780860488,7.238091224826693,1.4761387939699793
10.4,16.624882177914238,7.026171608874758,1.4061249484093739
10.5,16.29754145717374,6.820361526857814,1.3393736200006763
10.600000000000001,15.976539974498525,6.620492226952871,1.2757373877846652
10.700000000000001,15.661763163751827,6.4263990365425085,1.2150751215389375
10.8,15.35309788477599,6.23792131147912,1.1572517440986931
10.9,15.05043245993707,6.0549023814804,1.1021379999548084
11.0,14.753656704965117,5.877189492183126,1.0496102302316237
11.100000000000001,14.462661954586158,5.704633744334964,0.9995501541104981
11.200000000000001,14.177341083402453,5.537090030560666,0.9518446567329443
11.3,13.897588522441419,5.374416970098888,0.9063855835887438
11.4,13.623300271760225,5.2164768418694525,0.863069541369476
11.5,13.354373909462213,5.063135516196937,0.8217977052460195
11.600000000000001,13.09070859745287,4.914262385485778,0.7824756325095636
11.700000000000001,12.832205084236884,4.769730294113595,0.7450130824991733
11.8,12.578765705033565,4.629415467783439,0.7093238427247497
11.9,12.330294379465697,4.493197442551936,0.6753255610821309
12.0,12.086696607056213,4.360958993728275,0.6429395840468011
12.100000000000001,11.847879460748196,4.232586064819096,0.6120908007241094
12.200000000000001,11.613751578646138,4.107967696675956,0.5827074926268242
12.3,11.384223154160352,3.986995956985218,0.5547211890451113
12.4,11.159205924721448,3.8695658702249713,0.5280665278695154
12.5,10.938613159218173,3.75557534819946,0.5026811217240598
12.600000000000001,10.722359644299177,3.644925121248707,0.4785054292640935
12.700000000000001,10.510361669667772,3.537518670219314,0.45548263149187046
12.8,10.302537012487742,3.433262159271726,0.4335585129419463
12.9,10.098804921008698,3.3320643695895162,0.4126813475882601
13.0,9.899086097510061,3.233836634047358,0.3928017893251116
13.100000000000001,9.70330268065458,3.138492772886256,0.37387276687511517
13.200000000000001,9.511378227334344,3.0459490304373125,0.35584938297852314
13.3,9.323237694085266,2.9561240129285435,0.3386888177200008
13.4,9.138807418139411,2.8689386274032884,0.3223502358509779
13.5,8.958015098178477,2.784316021773175,0.30679469796800063
13.600000000000001,8.78078977484612,2.702181526023721,0.29198507541007457
13.700000000000001,8.60706181107182,2.622462594586051,0.27788596874074234
13.8,8.436762872254073,2.545088749884248,0.26446362968356274
13.9,8.269825906346597,2.4699915270641135,0.2516858863827242
14.0,8.106185123886968,2.3971044199059235,0.23952207186368937
14.100000000000001,7.945775978003654,2.3263628279206716,0.22794295557202018
14.200000000000001,7.788535144433909,2.2577040046267975,0.21692067787184732
14.3,7.634400501581916,2.191067007001919,0.20642868738879475
14.4,7.4833111106437125,2.1263926461020666,0.19644168108555413
14.5,7.335207195822794,2.06362343883898,0.18693554696168035
14.600000000000001,7.190030124657899,2.0027035609044224,0.17788730927255983
14.700000000000001,7.047722388482236,1.9435788008290196,0.1692750761658652
14.8,6.908227583031399,1.8861965151617999,0.16107798963713585
14.9,6.771490389215342,1.8305055847555682,0.15327617770942567
15.0,6.637456554068081,1.7764563721422364,0.14585070874520142
15.100000000000001,6.506072871887187,1.724000679981449,0.13878354780187604
15.200000000000001,6.377287165573781,1.6730917105650907,0.13205751494550194
15.3,6.25104826818227,1.623684026359732,0.12565624544022186
15.4,6.127306004688033,1.5757335115685298,0.11956415173409368
15.5,6.006011173980034,1.5291973346937566,0.11376638716484047
15.600000000000001,5.887115531084382,1.4840339120807624,0.10824881131195113
15.700000000000001,5.770571769623925,1.4402028724240201,0.1029979569243524
15.8,5.656333504518101,1.397665022215627,0.09800099835559106
15.9,5.544355254926543,1.3563823121166703,0.09324572144111362
16.0,5.434592427439222,1.316317804231679,0.08872049475479322
16.1,5.327001299515197,1.2774356402664957,0.08441424218434661
16.2,5.221539003171607,1.2397010105498703,0.0803164167676952
16.3,5.118163508923842,1.203080123899206,0.0764169757346587
16.400000000000002,5.016833609977523,1.1675401783110098,0.07270635670063406
16.5,4.917508906672321,1.133049332456726,0.06917545496108948
16.6,4.8201497911773705,1.0995766779648188,0.06581560183781901
16.7,4.724717432437634,1.0670922124702242,0.06261854402993809
16.8,4.631173761370241,1.035566813412426,0.059576423924561896
16.900000000000002,4.539481456309557,1.0049722125637577,0.05668176082400788
17.0,4.449603928699481,0.975280971269709,0.05392743304818331
17.1,4.361505309031183,0.94646645638335,0.05130666087257962
17.2,4.275150433024418,0.9185028168762527,0.04881299026398691
17.3,4.19050482805017,0.8913649611085732,0.04644027737766626
17.400000000000002,4.107534699792434,0.8650285347413039,0.044182673781287464
17.5,4.026206919146586,0.8394698992739649,0.04203461237243938
17.6,3.9464890093518514,0.8146661111913754,0.03999079395796855
17.7,3.8683491333551627,0.7905949017034385,0.038046174464789875
17.8,3.7917560814035687,0.7672346570621915,0.03619595275314334
17.900000000000002,3.7166792588624435,0.7445643994407353,0.03443555900455403
18.0,3.643088674256438,0.7225637683589441,0.03276064365797603
18.1,3.570954927530262,0.7012130026412129,0.03116706686878049
18.2,3.500249198526234,0.6804929228918276,0.02965088846637659
18.3,3.430943235675464,0.6603849144738365,0.028208358387333654
18.400000000000002,3.3630093448996368,0.6408709109776796,0.026835907561913085
18.5,3.2964203787201862,0.6219333781661027,0.025530139232908308
18.6,3.2311497255717123,0.6035552983822318,0.024287820686644434
18.7,3.1671712993165286,0.5857201554079967,0.023105875376899773
18.8,3.1044595289570727,0.5684119197603859,0.021981375423381834
18.900000000000002,3.042989348543102,0.551615034413349,0.020911534467227273
19.0,2.9827361872704476,0.5353144009334463,0.01989370086679142
19.1,2.923675959768173,0.5194953660176445,0.018925351217758363
19.200000000000003,2.865785056571039,0.5041437084219734,0.018004084182333187
19.3,2.8090403347740964,0.4892456262700176,0.01712761461297557
19.400000000000002,2.753419108866311,0.47478772473051745,0.01629376795680318
19.5,2.698899141740184,0.46075700405363895,0.015500474927431796
19.6,2.6454586358742276,0.44714084795572373,0.01474576643162844
19.700000000000003,2.5930762246853503,0.43392701234262365,0.014027768738738832
19.8,2.541730964048096,0.4211036143619674,0.013344698881406204
19.900000000000002,2.491402323977777,0.40865912177497027,0.01269486027663199
20.0,2.442070180474594,0.39658234263866227,0.01207663855673749
20.1,2.3937148075258023,0.3848624152896293,0.01148849760027052
20.200000000000003,2.3463168692630934,0.3734887986206329,0.01092897575336624
20.3,2.2998574122723303,0.36245126264168603,0.010396682232513043
20.400000000000002,2.2543178580528664,0.3517398793174036,0.00989029370009796
20.5,2.209679995623698,0.3413450136726738,0.009408551004509743
20.6,2.1659259742737014,0.3312573151589038,0.008950256076962317
20.700000000000003,2.123038296453317,0.32146770927332113,0.008514268977570056
20.8,2.0809998108050345,0.3119673894240084,0.008099505083556212
20.900000000000002,2.0397937053300446,0.30274780903356296,0.007704932412811217
21.0,1.9994035006885624,0.2938006738744678,0.007329569076337012
21.1,1.9598130436312442,0.2851179346294488,0.006972480853417701
21.200000000000003,1.9210065005592685,0.2766917796702934,0.006632778883648317
21.3,1.8829683512106077,0.2685146280487773,0.006309617470229971
21.400000000000002,1.8456833824701073,0.26057912269353345,0.006002191989204506
21.5,1.8091366823010226,0.2528781238068728,0.005709736899553918
21.6,1.7733136337956774,0.2454047024557245,0.005431523849329853
21.700000000000003,1.7381999093429792,0.23815213435104798,0.005166859873208361
21.8,1.7037814649105385,0.23111389381021186,0.0049150856770830455
21.900000000000002,1.670044534439195,0.22428364789700206,0.004675574005518532
22.0,1.6369756243478009,0.21765525073407457,0.004447728088084779
22.1,1.6045615081461075,0.21122273798280733,0.004230980160781805
22.200000000000003,1.5727892211537,0.20498032148566406,0.004024790058945367
22.3,1.5416460553228986,0.19892238406631121,0.0038286438781956578
22.400000000000002,1.5111195541636382,0.19304347448287057,0.003642052700155343
22.5,1.4811975077683412,0.18733830252982875,0.0034645513798194417
22.6,1.4518679479348242,0.18180173428424135,0.003295697391608197
22.700000000000003,1.4231191433853694,0.176428787492009,0.0031350697312763154
22.8,1.3949395950800536,0.1712146270901142,0.0029822678709867383
22.900000000000002,1.367318031622518,0.1661545608608323,0.0028369107649861233
23.0,1.34024340475638,0.161244035214046,0.0026986359034418964
23.1,1.3137048849504978,0.15647863109389923,0.0025670984121174073
23.200000000000003,1.2876918570713725,0.1518540600061439,0.0024419701956733832
23.3,1.2621939161409845,0.14736616016263052,0.00232293912248964
23.400000000000002,1.2372008631783646,0.143010892739503,0.002209708249002238
23.5,1.2127027011233056,0.13878433824575684,0.002101995081647468
23.6,1.1886896308405601,0.1346826929989129,0.0019995308745955984
23.700000000000003,1.1651520472029844,0.13070226570466087,0.0019020599615448097
23.8,1.142080535252054,0.12683947413741156,0.0018093391199286836
23.900000000000002,1.119465866434241,0.12309084191878991,0.0017211369659699285
